epoch,time,train/box_loss,train/seg_loss,train/cls_loss,train/dfl_loss,metrics/precision(B),metrics/recall(B),metrics/mAP50(B),metrics/mAP50-95(B),metrics/precision(M),metrics/recall(M),metrics/mAP50(M),metrics/mAP50-95(M),val/box_loss,val/seg_loss,val/cls_loss,val/dfl_loss,lr/pg0,lr/pg1,lr/pg2
1,24.6058,3.419,7.13765,6.99312,3.1114,4e-05,0.00832,2e-05,1e-05,0,0,0,0,3.90262,35.4183,8.6286,3.80596,0.09109,9e-05,9e-05
2,32.1877,2.85348,4.42858,4.77223,2.18354,0.00138,0.04392,0.00126,0.00034,0,0,0,0,2.58575,49.085,inf,2.43877,0.08119,0.000189979,0.000189979
3,40.7148,2.56568,3.99857,3.64029,1.96359,0.06386,0.05152,0.00685,0.00178,0.06221,0.01114,0.0058,0.00163,2.667,126.737,inf,2.47236,0.0712899,0.000289874,0.000289874
4,48.7715,2.51229,3.82404,3.19479,1.87351,0.11038,0.18022,0.05995,0.02656,0.11,0.14081,0.05,0.01701,2.80635,37.1081,inf,2.632,0.0613896,0.000389619,0.000389619
5,56.9012,2.4071,3.75315,2.88216,1.82151,0.25704,0.15787,0.09299,0.04002,0.30812,0.05687,0.03701,0.01281,2.53115,18.5886,12.4063,2.24761,0.0514891,0.000489149,0.000489149
6,64.1894,2.36046,3.6438,2.77782,1.77624,0.25644,0.1855,0.08871,0.03332,0.41579,0.06957,0.03049,0.00962,2.52721,16.9752,6.75653,2.08829,0.0415884,0.0005884,0.0005884
7,71.0591,2.2993,3.56845,2.64821,1.75187,0.5316,0.11245,0.1434,0.05717,0.52132,0.05084,0.05119,0.01191,2.43418,12.0489,8.32519,2.10846,0.0316873,0.000687307,0.000687307
8,78.4901,2.33412,3.53472,2.59182,1.76394,0.14279,0.13273,0.02927,0.01091,0.01327,0.20646,0.01362,0.00323,2.82968,10.359,6.09993,2.36232,0.0217858,0.000785805,0.000785805
9,85.0857,2.24921,3.44649,2.49552,1.73627,0.54551,0.11927,0.09746,0.03928,0.32675,0.14103,0.05555,0.01632,2.4539,7.72063,6.06591,2.09243,0.0118838,0.000883831,0.000883831
10,91.8029,2.25302,3.52226,2.49688,1.71495,0.18069,0.25191,0.10758,0.03714,0.21024,0.17409,0.07556,0.01656,2.49715,6.02813,4.66041,2.07697,0.00198132,0.00098132,0.00098132
11,98.1844,2.20435,3.364,2.38376,1.69156,0.73089,0.18165,0.21476,0.08745,0.72911,0.17816,0.17556,0.05499,2.20872,5.9438,3.51847,1.88509,0.000989183,0.000989183,0.000989183
12,104.687,2.17565,3.3196,2.31484,1.71577,0.50226,0.23857,0.17155,0.06127,0.4768,0.21658,0.13956,0.04343,2.3844,5.73367,3.35779,1.95018,0.000986922,0.000986922,0.000986922
13,110.767,2.17319,3.29011,2.27107,1.68483,0.47798,0.30354,0.20996,0.08415,0.47279,0.28191,0.17723,0.06337,2.23628,5.67261,2.93188,1.82364,0.000984449,0.000984449,0.000984449
14,117.19,2.16302,3.2862,2.27266,1.6651,0.75706,0.18858,0.2069,0.08094,0.61403,0.19771,0.17114,0.05572,2.29977,7.36558,3.20311,1.79406,0.000981765,0.000981765,0.000981765
15,123.391,2.15628,3.28312,2.23244,1.65259,0.49486,0.39577,0.32065,0.13393,0.42263,0.35625,0.24205,0.09527,2.0761,5.77933,2.41415,1.73106,0.000978873,0.000978873,0.000978873
16,129.861,2.07371,3.23159,2.23103,1.61584,0.59015,0.34346,0.30079,0.12037,0.75674,0.25236,0.26351,0.09657,2.09797,4.46433,2.77594,1.75657,0.000975773,0.000975773,0.000975773
17,135.997,2.12123,3.28944,2.2054,1.63707,0.37078,0.39543,0.2926,0.12708,0.78927,0.21265,0.24548,0.09184,2.10896,5.0763,2.79058,1.73832,0.000972466,0.000972466,0.000972466
18,142.143,2.06706,3.17234,2.13753,1.60503,0.57271,0.33933,0.32568,0.13456,0.51257,0.3244,0.24732,0.09051,2.12326,5.26396,2.76894,1.7224,0.000968955,0.000968955,0.000968955
19,148.264,2.04119,3.12855,2.12556,1.59822,0.53145,0.43942,0.41171,0.16995,0.51181,0.39574,0.32636,0.11125,2.05917,4.29756,2.22926,1.73129,0.000965239,0.000965239,0.000965239
20,154.64,2.09404,3.25282,2.15269,1.61495,0.35689,0.32448,0.21878,0.09306,0.27533,0.28948,0.18189,0.07141,2.26479,5.02819,2.81694,1.83432,0.000961322,0.000961322,0.000961322
21,160.739,2.00405,3.11756,2.05429,1.56922,0.56816,0.4268,0.37777,0.17492,0.52853,0.39033,0.333,0.13856,1.99458,4.05802,2.30192,1.63838,0.000957205,0.000957205,0.000957205
22,167.172,1.97973,3.06691,2.00575,1.57293,0.45984,0.43145,0.42394,0.20353,0.53353,0.38313,0.3764,0.14252,1.84042,4.31033,2.00303,1.57881,0.000952889,0.000952889,0.000952889
23,173.601,1.99506,3.11066,2.00069,1.57039,0.77321,0.35699,0.41311,0.18925,0.74729,0.34646,0.38573,0.14425,1.97603,4.21919,2.16685,1.68203,0.000948377,0.000948377,0.000948377
24,179.723,1.95849,3.03219,1.96007,1.54403,0.70507,0.42544,0.49558,0.23103,0.68207,0.40135,0.46241,0.17633,1.95559,3.27183,1.91353,1.68672,0.000943671,0.000943671,0.000943671
25,186.197,1.9552,3.07996,1.94725,1.54258,0.4676,0.5313,0.52251,0.2497,0.45273,0.50971,0.50049,0.20697,1.88624,3.05003,1.94726,1.64616,0.000938772,0.000938772,0.000938772
26,192.699,1.96621,3.03349,1.94527,1.55405,0.52176,0.4443,0.46686,0.22262,0.51536,0.43711,0.45549,0.19061,1.99692,3.18726,2.25954,1.73603,0.000933683,0.000933683,0.000933683
27,198.809,1.97605,2.96901,1.88728,1.56726,0.55408,0.48769,0.49917,0.24229,0.53681,0.47112,0.46157,0.18774,1.93583,3.02519,2.32204,1.64878,0.000928405,0.000928405,0.000928405
28,204.944,1.93477,2.92177,1.85898,1.51417,0.58627,0.56165,0.56487,0.27453,0.59993,0.54066,0.54595,0.22352,1.77859,2.46727,1.70001,1.556,0.000922942,0.000922942,0.000922942
29,211.344,1.88184,2.91883,1.78347,1.49077,0.58872,0.55668,0.55577,0.25487,0.55805,0.527,0.52588,0.20326,1.81739,2.55252,1.86972,1.56644,0.000917296,0.000917296,0.000917296
30,217.518,1.87458,2.92406,1.77107,1.45908,0.45378,0.44183,0.42418,0.19151,0.41257,0.44779,0.39961,0.16467,1.98217,2.72706,2.11185,1.64221,0.000911469,0.000911469,0.000911469
31,223.66,1.90889,2.90154,1.77202,1.4826,0.61061,0.48631,0.56848,0.26052,0.63305,0.47272,0.55851,0.24315,1.84093,2.42116,1.70252,1.58857,0.000905463,0.000905463,0.000905463
32,230.136,1.874,2.89283,1.76089,1.47238,0.49442,0.5193,0.54624,0.24634,0.59062,0.50967,0.54469,0.22225,1.81904,2.57546,1.88257,1.58828,0.000899282,0.000899282,0.000899282
33,236.275,1.89017,2.89081,1.74257,1.48811,0.61929,0.50112,0.56396,0.24857,0.57023,0.52803,0.55011,0.23168,1.86954,2.62359,1.84364,1.59775,0.000892928,0.000892928,0.000892928
34,242.323,1.85877,2.85377,1.76457,1.49537,0.68934,0.47407,0.57675,0.28523,0.53419,0.57507,0.55743,0.24296,1.69209,2.63076,1.61619,1.49526,0.000886404,0.000886404,0.000886404
35,248.697,1.88287,2.8603,1.7458,1.48882,0.49444,0.49727,0.48631,0.22523,0.47141,0.4783,0.45664,0.1889,1.84741,2.90368,1.84099,1.55681,0.000879713,0.000879713,0.000879713
36,254.815,1.80664,2.80408,1.68101,1.45019,0.52806,0.55097,0.59048,0.27925,0.51128,0.55808,0.57681,0.25402,1.77994,2.37497,1.57274,1.5173,0.000872857,0.000872857,0.000872857
37,261.253,1.84336,2.7807,1.67189,1.45394,0.53151,0.5333,0.53123,0.25945,0.52946,0.53074,0.52961,0.2311,1.8918,2.56913,1.68715,1.59907,0.000865839,0.000865839,0.000865839
38,267.385,1.87868,2.84159,1.73645,1.4909,0.58782,0.54728,0.54874,0.26699,0.58861,0.52596,0.55067,0.25058,1.90174,2.45226,1.70044,1.61356,0.000858664,0.000858664,0.000858664
39,273.517,1.86645,2.7921,1.66193,1.48211,0.77083,0.41577,0.59039,0.27408,0.74871,0.41676,0.56142,0.2561,1.82008,2.27011,1.69384,1.58841,0.000851333,0.000851333,0.000851333
40,279.607,1.84706,2.82278,1.68669,1.4738,0.47371,0.63811,0.59455,0.28828,0.48902,0.57653,0.56597,0.26933,1.76107,2.30341,1.65391,1.52785,0.000843851,0.000843851,0.000843851
41,285.986,1.77829,2.7787,1.65132,1.44546,0.69453,0.54209,0.61974,0.32145,0.67465,0.51429,0.58145,0.27733,1.65685,2.20882,1.5481,1.5071,0.00083622,0.00083622,0.00083622
42,292.457,1.79416,2.73766,1.6102,1.43961,0.66081,0.56459,0.62242,0.33365,0.65673,0.55284,0.61615,0.29922,1.72246,2.30316,1.51009,1.53897,0.000828443,0.000828443,0.000828443
43,298.842,1.79413,2.76157,1.59439,1.45839,0.54524,0.64834,0.65075,0.35348,0.52856,0.6292,0.62445,0.29157,1.67939,2.45817,1.51859,1.51861,0.000820525,0.000820525,0.000820525
44,305.257,1.80648,2.72878,1.56303,1.4625,0.58111,0.62508,0.63166,0.32288,0.55858,0.60536,0.60049,0.28155,1.7265,2.62042,1.46885,1.53919,0.000812468,0.000812468,0.000812468
45,311.351,1.80323,2.74268,1.56536,1.47484,0.64634,0.66854,0.68244,0.35955,0.63674,0.6593,0.6767,0.3238,1.59887,2.3887,1.33322,1.45739,0.000804277,0.000804277,0.000804277
46,317.677,1.79296,2.72448,1.53218,1.42708,0.62553,0.66764,0.67959,0.34776,0.61527,0.65828,0.66019,0.30819,1.638,2.46448,1.39264,1.47768,0.000795954,0.000795954,0.000795954
47,323.855,1.78726,2.71171,1.55691,1.41977,0.61133,0.628,0.6747,0.34461,0.57237,0.66728,0.66137,0.30457,1.63957,2.2781,1.40122,1.46139,0.000787503,0.000787503,0.000787503
48,329.986,1.76004,2.71246,1.53798,1.42361,0.64155,0.65128,0.6986,0.38253,0.6325,0.60951,0.66497,0.34005,1.5918,2.26555,1.37511,1.42464,0.000778929,0.000778929,0.000778929
49,336.475,1.7799,2.7083,1.57601,1.42353,0.63649,0.58244,0.60303,0.29567,0.6283,0.56689,0.58804,0.24826,1.8428,2.54111,1.70414,1.58445,0.000770234,0.000770234,0.000770234
50,342.544,1.80365,2.72318,1.62441,1.44664,0.59315,0.61304,0.655,0.34227,0.62598,0.58566,0.63398,0.30623,1.73845,2.41522,1.42044,1.50114,0.000761423,0.000761423,0.000761423
51,348.602,1.77738,2.70919,1.52624,1.43057,0.66018,0.6283,0.69957,0.38527,0.65732,0.60561,0.67481,0.34132,1.55555,2.18066,1.32088,1.39273,0.0007525,0.0007525,0.0007525
52,355.071,1.73105,2.69148,1.54174,1.40397,0.62277,0.61977,0.6384,0.31885,0.60672,0.60639,0.62764,0.28677,1.7537,2.3182,1.46454,1.50118,0.000743468,0.000743468,0.000743468
53,361.164,1.72128,2.62706,1.52188,1.40984,0.62436,0.67883,0.70827,0.36862,0.6172,0.67311,0.69538,0.33791,1.66093,2.29266,1.40327,1.46091,0.000734332,0.000734332,0.000734332
54,367.29,1.72853,2.63711,1.47732,1.40547,0.74854,0.64051,0.73839,0.40498,0.73054,0.62057,0.71719,0.38082,1.59437,2.16557,1.27096,1.42495,0.000725094,0.000725094,0.000725094
55,373.679,1.71254,2.63972,1.44239,1.3998,0.72115,0.68751,0.73592,0.40436,0.71615,0.67404,0.72404,0.38453,1.6083,2.10735,1.24753,1.43556,0.000715761,0.000715761,0.000715761
56,380.121,1.67189,2.53026,1.42035,1.36972,0.6708,0.73899,0.74916,0.42343,0.664,0.71847,0.72805,0.39983,1.50528,1.96606,1.21941,1.37222,0.000706335,0.000706335,0.000706335
57,386.494,1.68972,2.52316,1.4153,1.3689,0.62897,0.71775,0.74655,0.40036,0.62071,0.71006,0.73426,0.37911,1.60083,2.0875,1.25281,1.43813,0.00069682,0.00069682,0.00069682
58,392.588,1.67325,2.5247,1.41461,1.37891,0.72182,0.66716,0.75472,0.4258,0.67136,0.68803,0.74401,0.39502,1.52899,2.12787,1.17462,1.4103,0.000687222,0.000687222,0.000687222
59,398.67,1.63026,2.4746,1.35137,1.35762,0.79513,0.70342,0.80054,0.45689,0.79462,0.70161,0.79725,0.40837,1.53363,1.99262,1.10788,1.39579,0.000677543,0.000677543,0.000677543
60,405.123,1.6741,2.5213,1.38552,1.34384,0.77098,0.66634,0.77303,0.42591,0.73555,0.68718,0.76307,0.37245,1.60083,2.07617,1.23289,1.43612,0.000667789,0.000667789,0.000667789
61,411.299,1.62768,2.49724,1.36422,1.33958,0.76498,0.68264,0.76555,0.42754,0.72911,0.66659,0.7367,0.37029,1.5275,2.12608,1.20093,1.39584,0.000657963,0.000657963,0.000657963
62,417.42,1.60455,2.42903,1.29183,1.31828,0.71466,0.71164,0.76088,0.41848,0.66893,0.65409,0.72471,0.3744,1.60144,2.33096,1.23914,1.42141,0.000648071,0.000648071,0.000648071
63,423.499,1.65717,2.55493,1.37254,1.34986,0.75384,0.68665,0.777,0.41809,0.74862,0.66103,0.75631,0.38304,1.59012,2.13007,1.18095,1.43966,0.000638115,0.000638115,0.000638115
64,429.601,1.68858,2.50694,1.34066,1.36588,0.67102,0.67945,0.74719,0.38443,0.66181,0.67228,0.73246,0.35509,1.67735,2.22971,1.29691,1.4887,0.000628101,0.000628101,0.000628101
65,435.656,1.6463,2.49006,1.33833,1.3548,0.63838,0.7686,0.78739,0.44227,0.6227,0.75119,0.76811,0.40462,1.52109,2.03464,1.15763,1.39142,0.000618034,0.000618034,0.000618034
66,441.717,1.64218,2.50436,1.36595,1.37796,0.6714,0.66015,0.71398,0.38633,0.67652,0.66039,0.71824,0.37238,1.6734,2.01651,1.29636,1.47618,0.000607916,0.000607916,0.000607916
67,447.819,1.6372,2.49165,1.29889,1.33487,0.76716,0.68356,0.76532,0.44839,0.76212,0.66428,0.74799,0.41376,1.58494,2.09402,1.13223,1.42478,0.000597754,0.000597754,0.000597754
68,453.834,1.60639,2.43092,1.28372,1.33571,0.74759,0.64874,0.73175,0.39709,0.74299,0.624,0.71742,0.3771,1.62362,2.14642,1.32559,1.45356,0.000587551,0.000587551,0.000587551
69,459.895,1.586,2.39165,1.27546,1.33669,0.72746,0.65615,0.72117,0.40862,0.72247,0.65661,0.72127,0.38956,1.54264,2.20108,1.25257,1.41512,0.000577311,0.000577311,0.000577311
70,466.011,1.60964,2.45593,1.29758,1.33922,0.78789,0.72502,0.8052,0.46975,0.79106,0.70141,0.78669,0.44777,1.42398,1.8993,1.05031,1.3461,0.00056704,0.00056704,0.00056704
71,472.552,1.62584,2.43814,1.28122,1.33616,0.76129,0.72092,0.79057,0.44701,0.76291,0.72142,0.78397,0.42798,1.53831,1.94449,1.09465,1.36745,0.000556742,0.000556742,0.000556742
72,478.723,1.66411,2.44916,1.27559,1.35678,0.75339,0.73795,0.78618,0.4395,0.69858,0.72114,0.75564,0.40869,1.55475,2.04162,1.12383,1.39253,0.000546421,0.000546421,0.000546421
73,484.737,1.61757,2.41622,1.22902,1.34091,0.75496,0.74327,0.80576,0.45888,0.73387,0.7218,0.78427,0.42608,1.48665,1.97191,1.11329,1.36101,0.000536081,0.000536081,0.000536081
74,490.791,1.59115,2.40517,1.25274,1.32672,0.71557,0.74524,0.76021,0.41552,0.70468,0.73657,0.74776,0.39969,1.70169,2.20658,1.30418,1.48895,0.000525728,0.000525728,0.000525728
75,496.893,1.60564,2.46992,1.29019,1.33116,0.74347,0.75184,0.80545,0.43716,0.72945,0.73033,0.78011,0.38719,1.58371,2.1617,1.14097,1.42271,0.000515366,0.000515366,0.000515366
76,503.035,1.57565,2.35898,1.20844,1.29415,0.75886,0.76391,0.80701,0.44959,0.73532,0.74044,0.77159,0.38957,1.55554,2.2054,1.11238,1.39889,0.000505,0.000505,0.000505
77,509.129,1.6018,2.43207,1.25087,1.32586,0.7822,0.71931,0.79647,0.44733,0.76759,0.70356,0.7766,0.40609,1.62725,2.20588,1.12655,1.45842,0.000494634,0.000494634,0.000494634
78,515.356,1.55955,2.35594,1.19418,1.29686,0.76399,0.74475,0.82003,0.48076,0.75168,0.71987,0.79514,0.44073,1.49596,2.03388,1.06758,1.36913,0.000484272,0.000484272,0.000484272
79,521.909,1.54076,2.31983,1.20567,1.29505,0.80872,0.74589,0.83882,0.51209,0.79244,0.7131,0.81074,0.46266,1.43624,1.85028,0.9746,1.35483,0.000473919,0.000473919,0.000473919
80,528.353,1.59491,2.38032,1.22645,1.32693,0.80615,0.76968,0.84117,0.48509,0.79959,0.76245,0.82838,0.44482,1.55747,1.95419,0.98297,1.42844,0.000463579,0.000463579,0.000463579
81,534.415,1.53593,2.37494,1.20377,1.28741,0.74499,0.68982,0.79055,0.43527,0.68964,0.70613,0.76781,0.4015,1.61684,2.05893,1.12371,1.44364,0.000453258,0.000453258,0.000453258
82,540.469,1.54357,2.34579,1.18462,1.27191,0.73776,0.76061,0.82717,0.47884,0.75549,0.72872,0.81418,0.43285,1.50182,1.98909,1.02926,1.38968,0.00044296,0.00044296,0.00044296
83,546.57,1.52494,2.34426,1.17512,1.27833,0.75756,0.78979,0.8488,0.50995,0.74388,0.77905,0.83014,0.46983,1.43476,1.92758,0.9556,1.35689,0.000432689,0.000432689,0.000432689
84,553.044,1.50109,2.27596,1.11742,1.25095,0.74736,0.77777,0.83218,0.49191,0.73807,0.76057,0.81681,0.44465,1.51092,1.93468,0.9833,1.39796,0.000422449,0.000422449,0.000422449
85,559.13,1.55216,2.35148,1.17002,1.2876,0.7799,0.80337,0.84088,0.48382,0.75215,0.80017,0.81651,0.45529,1.54733,1.98474,0.9396,1.43445,0.000412246,0.000412246,0.000412246
86,565.247,1.49872,2.24757,1.13788,1.28458,0.79687,0.79495,0.84396,0.5064,0.76408,0.77649,0.81516,0.46258,1.43499,2.03974,0.94204,1.36422,0.000402084,0.000402084,0.000402084
87,571.42,1.46897,2.22586,1.08904,1.24168,0.78421,0.81035,0.8512,0.51974,0.77425,0.80336,0.84201,0.4797,1.37818,1.85459,0.91578,1.3098,0.000391966,0.000391966,0.000391966
88,577.929,1.49834,2.28282,1.15122,1.2618,0.81615,0.80596,0.86436,0.5266,0.81459,0.78508,0.85686,0.49665,1.38627,1.74697,0.89344,1.31586,0.000381899,0.000381899,0.000381899
89,584.421,1.43965,2.21738,1.07586,1.22953,0.83525,0.78757,0.86325,0.51056,0.81782,0.77947,0.84692,0.48309,1.48747,1.89924,0.94026,1.38383,0.000371885,0.000371885,0.000371885
90,590.495,1.49519,2.24881,1.1007,1.2559,0.82579,0.76501,0.86081,0.49858,0.82284,0.73739,0.83695,0.47142,1.44632,1.83884,0.92231,1.36106,0.000361929,0.000361929,0.000361929
91,596.593,1.4959,2.25975,1.1057,1.2447,0.76911,0.74069,0.81523,0.44848,0.75973,0.724,0.80309,0.41318,1.60853,2.07627,1.05121,1.44393,0.000352037,0.000352037,0.000352037
92,602.636,1.46813,2.24603,1.11913,1.26318,0.80652,0.7608,0.83267,0.4851,0.78844,0.75072,0.81432,0.44726,1.51095,2.03698,0.96676,1.38929,0.000342211,0.000342211,0.000342211
93,608.703,1.44853,2.16508,1.06228,1.2343,0.78035,0.78754,0.84784,0.51521,0.76901,0.7756,0.83606,0.48185,1.48734,1.92425,0.93276,1.37547,0.000332457,0.000332457,0.000332457
94,614.718,1.44305,2.23802,1.08655,1.25892,0.80533,0.79907,0.87135,0.54759,0.80984,0.78345,0.86038,0.51172,1.34297,1.80938,0.88518,1.28769,0.000322778,0.000322778,0.000322778
95,621.135,1.39017,2.12532,1.01992,1.20027,0.81541,0.81651,0.87307,0.54333,0.79364,0.82767,0.87281,0.51559,1.33456,1.7362,0.87826,1.29185,0.00031318,0.00031318,0.00031318
96,627.204,1.43685,2.19617,1.0686,1.23235,0.80738,0.7964,0.85909,0.52088,0.81188,0.78979,0.85287,0.48841,1.42995,1.86961,0.90874,1.33082,0.000303665,0.000303665,0.000303665
97,633.26,1.44805,2.20307,1.0196,1.21493,0.79632,0.71781,0.80801,0.48682,0.79338,0.72423,0.80282,0.44683,1.49141,1.96753,1.02066,1.3734,0.000294239,0.000294239,0.000294239
98,639.295,1.51299,2.34484,1.09697,1.26701,0.83316,0.76265,0.85981,0.49452,0.82017,0.74978,0.8472,0.44291,1.51793,2.00847,0.91138,1.38589,0.000284906,0.000284906,0.000284906
99,645.385,1.47048,2.26682,1.1047,1.24604,0.85125,0.76723,0.874,0.51788,0.83078,0.74987,0.86085,0.46663,1.48746,2.03733,0.9131,1.36217,0.000275668,0.000275668,0.000275668
100,651.545,1.43054,2.18197,1.04354,1.20951,0.82296,0.80396,0.87049,0.55085,0.81155,0.81308,0.86526,0.51001,1.30839,1.80753,0.83316,1.28744,0.000266532,0.000266532,0.000266532
101,657.957,1.46613,2.25507,1.09648,1.25324,0.79472,0.85344,0.86999,0.54287,0.78671,0.84193,0.85787,0.4898,1.34684,1.821,0.85267,1.29506,0.0002575,0.0002575,0.0002575
102,664.145,1.43777,2.22032,1.0632,1.22246,0.82372,0.82508,0.87131,0.51933,0.81873,0.81972,0.86559,0.48628,1.44683,1.88072,0.90756,1.3322,0.000248577,0.000248577,0.000248577
103,670.175,1.47559,2.26322,1.09632,1.24924,0.8047,0.81395,0.86027,0.50847,0.79969,0.8063,0.85513,0.47447,1.53172,2.00729,0.95009,1.40308,0.000239766,0.000239766,0.000239766
104,676.264,1.44434,2.20614,1.04204,1.2217,0.81103,0.81927,0.85774,0.55217,0.79496,0.7993,0.83967,0.50405,1.33397,1.77699,0.82906,1.30308,0.000231071,0.000231071,0.000231071
105,682.331,1.38544,2.16134,1.01485,1.20004,0.81797,0.82436,0.86663,0.5494,0.81114,0.81695,0.86127,0.50617,1.36637,1.77019,0.89347,1.31137,0.000222497,0.000222497,0.000222497
106,688.399,1.41221,2.15016,1.01855,1.20513,0.81867,0.8174,0.87712,0.55742,0.80778,0.80993,0.8633,0.52004,1.31962,1.79981,0.84487,1.29709,0.000214046,0.000214046,0.000214046
107,694.8,1.40029,2.14123,1.0018,1.20756,0.82226,0.83131,0.88906,0.55819,0.81664,0.82249,0.87918,0.52075,1.3659,1.82976,0.81795,1.31596,0.000205723,0.000205723,0.000205723
108,701.258,1.37736,2.11116,0.99163,1.19323,0.83953,0.81177,0.87902,0.53423,0.83452,0.80617,0.86787,0.49006,1.43759,1.87536,0.88268,1.34847,0.000197532,0.000197532,0.000197532
109,707.384,1.37875,2.09875,0.97927,1.19041,0.77566,0.82903,0.86163,0.52163,0.76938,0.82112,0.8511,0.48062,1.51603,1.84687,0.88204,1.41394,0.000189475,0.000189475,0.000189475
110,713.51,1.37064,2.09035,0.98123,1.19126,0.79097,0.83508,0.86405,0.53903,0.78969,0.82866,0.85421,0.50384,1.41876,1.80108,0.85132,1.36696,0.000181557,0.000181557,0.000181557
111,719.626,1.35763,2.08216,0.97943,1.20262,0.85369,0.80984,0.88942,0.5527,0.84843,0.79737,0.87585,0.52056,1.33071,1.81885,0.81126,1.32161,0.00017378,0.00017378,0.00017378
112,725.7,1.34949,2.09293,0.97276,1.19973,0.83271,0.85161,0.89225,0.56621,0.8342,0.82767,0.87785,0.5234,1.31015,1.8153,0.78809,1.31302,0.000166149,0.000166149,0.000166149
113,732.125,1.35627,2.08024,0.95813,1.18573,0.83352,0.83649,0.88216,0.54532,0.83105,0.8193,0.86975,0.50519,1.43564,1.88857,0.80281,1.35819,0.000158667,0.000158667,0.000158667
114,738.217,1.35365,2.05229,0.95322,1.17654,0.83096,0.81954,0.87903,0.5378,0.8164,0.8046,0.86173,0.50537,1.43899,1.89708,0.81055,1.37019,0.000151336,0.000151336,0.000151336
115,744.362,1.32499,2.01146,0.94747,1.18278,0.87251,0.80064,0.88784,0.55332,0.86826,0.79355,0.88023,0.51311,1.38339,1.89394,0.78695,1.3423,0.000144161,0.000144161,0.000144161
116,750.492,1.33257,2.06932,0.93212,1.17315,0.88662,0.79902,0.8894,0.55537,0.86538,0.78835,0.87723,0.51068,1.39713,1.88712,0.80259,1.35533,0.000137143,0.000137143,0.000137143
117,756.574,1.31205,1.99288,0.9026,1.15668,0.86269,0.82173,0.89339,0.55912,0.85078,0.80907,0.8812,0.516,1.39776,1.84415,0.79749,1.36267,0.000130287,0.000130287,0.000130287
118,762.584,1.32919,2.06229,0.94022,1.1836,0.89149,0.78187,0.89174,0.5705,0.88679,0.77539,0.8855,0.5423,1.32879,1.80581,0.76953,1.30072,0.000123596,0.000123596,0.000123596
119,768.937,1.29357,1.99745,0.90325,1.14961,0.85039,0.80957,0.88864,0.57144,0.8435,0.80267,0.87853,0.5334,1.34232,1.82546,0.79083,1.31032,0.000117072,0.000117072,0.000117072
120,775.016,1.30741,1.99624,0.90351,1.15489,0.83985,0.83114,0.88763,0.55957,0.82776,0.81876,0.87496,0.51332,1.40582,1.86329,0.80638,1.34791,0.000110718,0.000110718,0.000110718
121,781.116,1.30474,2.01144,0.90548,1.16313,0.83921,0.84161,0.89157,0.56653,0.82711,0.82909,0.87343,0.52417,1.36316,1.80484,0.78304,1.32238,0.000104537,0.000104537,0.000104537
122,787.225,1.29405,2.00144,0.91096,1.16804,0.84902,0.83053,0.88391,0.57009,0.83819,0.8168,0.86639,0.52976,1.3406,1.75798,0.77611,1.31118,9.85311e-05,9.85311e-05,9.85311e-05
123,793.302,1.33291,2.04492,0.943,1.18196,0.86069,0.81044,0.88494,0.55477,0.8549,0.79952,0.87138,0.52311,1.3916,1.83203,0.78406,1.35727,9.2704e-05,9.2704e-05,9.2704e-05
124,799.363,1.32053,1.97979,0.91504,1.17032,0.87139,0.80829,0.89132,0.55876,0.84946,0.80528,0.87902,0.52841,1.41281,1.85321,0.77273,1.38002,8.70577e-05,8.70577e-05,8.70577e-05
125,805.481,1.32826,2.05456,0.93045,1.16914,0.8163,0.85898,0.90045,0.57493,0.83917,0.82027,0.88852,0.5412,1.35135,1.80293,0.75598,1.32341,8.15947e-05,8.15947e-05,8.15947e-05
126,811.859,1.27149,1.96249,0.8884,1.16048,0.81968,0.86681,0.89914,0.58088,0.81425,0.84818,0.88714,0.54089,1.33216,1.80484,0.75475,1.30607,7.63174e-05,7.63174e-05,7.63174e-05
127,818.244,1.28425,2.00983,0.89874,1.15935,0.82862,0.84928,0.89804,0.57264,0.82314,0.82987,0.88525,0.53723,1.35452,1.81155,0.7586,1.31878,7.12282e-05,7.12282e-05,7.12282e-05
128,824.289,1.32321,2.01023,0.93278,1.19858,0.84195,0.8414,0.89736,0.57546,0.82392,0.82165,0.87626,0.53488,1.376,1.81599,0.75115,1.34551,6.63292e-05,6.63292e-05,6.63292e-05
129,830.512,1.31436,2.03523,0.90203,1.16767,0.88911,0.80812,0.90103,0.5782,0.88325,0.80012,0.88869,0.54026,1.37979,1.81448,0.75876,1.34741,6.16227e-05,6.16227e-05,6.16227e-05
130,836.522,1.25729,1.91529,0.86968,1.14854,0.87559,0.81326,0.89641,0.58177,0.86933,0.80532,0.88354,0.53855,1.37198,1.81062,0.75397,1.34467,5.71106e-05,5.71106e-05,5.71106e-05
131,842.62,1.28965,2.01123,0.90462,1.14861,0.84409,0.84129,0.89777,0.57951,0.83569,0.83043,0.88683,0.54447,1.35395,1.79897,0.7445,1.33092,5.2795e-05,5.2795e-05,5.2795e-05
132,849.006,1.27137,1.94485,0.88836,1.14399,0.85691,0.83139,0.89636,0.58234,0.86016,0.8198,0.88876,0.54494,1.34002,1.82351,0.74903,1.31908,4.86777e-05,4.86777e-05,4.86777e-05
133,855.435,1.25554,1.94105,0.86424,1.13121,0.86777,0.83255,0.89773,0.57853,0.87144,0.81153,0.88728,0.5425,1.3295,1.84325,0.76053,1.30578,4.47606e-05,4.47606e-05,4.47606e-05
134,861.623,1.27632,1.97707,0.87469,1.12634,0.84851,0.84959,0.904,0.5847,0.85465,0.83215,0.89118,0.54277,1.29095,1.8248,0.74309,1.28431,4.10454e-05,4.10454e-05,4.10454e-05
135,868.045,1.2558,1.91567,0.88678,1.13932,0.84387,0.86205,0.90683,0.58109,0.83352,0.84272,0.89252,0.54639,1.30323,1.82908,0.7353,1.30144,3.75337e-05,3.75337e-05,3.75337e-05
136,874.447,1.26249,1.92434,0.88611,1.13445,0.83577,0.85156,0.90106,0.57916,0.85406,0.81706,0.89078,0.54677,1.31604,1.82913,0.74073,1.30499,3.4227e-05,3.4227e-05,3.4227e-05
137,880.447,1.28985,1.9852,0.90679,1.16223,0.82034,0.86439,0.89714,0.57949,0.84788,0.81368,0.88714,0.54439,1.3287,1.8369,0.74204,1.29568,3.11268e-05,3.11268e-05,3.11268e-05
138,886.591,1.26719,1.96332,0.8889,1.13401,0.82143,0.86741,0.90127,0.58268,0.82311,0.85114,0.89152,0.54279,1.32087,1.83741,0.73656,1.28885,2.82345e-05,2.82345e-05,2.82345e-05
139,892.642,1.27229,1.96317,0.89211,1.14909,0.82208,0.86093,0.90151,0.58117,0.82661,0.84013,0.89111,0.54661,1.32536,1.83982,0.73698,1.29241,2.55513e-05,2.55513e-05,2.55513e-05
140,899.045,1.27605,1.95853,0.89204,1.15135,0.83902,0.84386,0.89781,0.58114,0.83309,0.83634,0.88863,0.54626,1.33182,1.84834,0.73666,1.29835,2.30784e-05,2.30784e-05,2.30784e-05
141,906.168,1.17424,1.76814,0.77445,1.17531,0.83075,0.86483,0.89681,0.58207,0.849,0.82085,0.88672,0.54872,1.32174,1.85358,0.73498,1.29418,2.08169e-05,2.08169e-05,2.08169e-05
142,912.318,1.18743,1.80877,0.80761,1.19847,0.82427,0.88237,0.90096,0.58539,0.81111,0.85752,0.88754,0.55334,1.29738,1.81927,0.72151,1.28129,1.87678e-05,1.87678e-05,1.87678e-05
143,918.401,1.14288,1.73939,0.74112,1.15791,0.82507,0.88072,0.90151,0.58955,0.85603,0.82194,0.88885,0.5546,1.28826,1.79101,0.7109,1.27651,1.6932e-05,1.6932e-05,1.6932e-05
144,924.494,1.16877,1.72377,0.75086,1.14635,0.83512,0.86746,0.90051,0.58725,0.81662,0.85446,0.88347,0.55136,1.29923,1.8024,0.71525,1.28582,1.53102e-05,1.53102e-05,1.53102e-05
145,930.293,1.09653,1.69995,0.73399,1.15512,0.88602,0.82558,0.90319,0.58191,0.87277,0.80615,0.88522,0.54586,1.31809,1.83209,0.72631,1.29853,1.39032e-05,1.39032e-05,1.39032e-05
146,936.143,1.11231,1.69607,0.74806,1.15516,0.88473,0.82408,0.90236,0.58216,0.87449,0.80582,0.88376,0.54437,1.32708,1.85755,0.73434,1.30701,1.27117e-05,1.27117e-05,1.27117e-05
147,941.96,1.11743,1.70266,0.74856,1.1592,0.87943,0.82164,0.90424,0.58306,0.86613,0.80617,0.88622,0.5486,1.32522,1.854,0.73163,1.30988,1.1736e-05,1.1736e-05,1.1736e-05
148,947.757,1.07458,1.6741,0.72161,1.13481,0.88144,0.82352,0.90583,0.58383,0.86652,0.80879,0.88946,0.54859,1.32229,1.845,0.72776,1.30703,1.09768e-05,1.09768e-05,1.09768e-05
149,953.541,1.11,1.71512,0.74373,1.15598,0.87868,0.81957,0.90361,0.58383,0.86605,0.80577,0.88927,0.54959,1.3154,1.8284,0.72204,1.3031,1.04342e-05,1.04342e-05,1.04342e-05
150,959.314,1.09525,1.68625,0.73893,1.14534,0.8569,0.84829,0.90329,0.58801,0.86364,0.81663,0.88962,0.5515,1.30269,1.80356,0.71801,1.29322,1.01086e-05,1.01086e-05,1.01086e-05
